Date,Close,Volume,Open,High,Low,week,ln(S_i/s_i-1),sigma,
1/5/2011,28.00 ,58998700.00 ,27.90 ,28.01 ,27.77 ,3.00 ,,0.22 ,0.22 
1/12/2011,28.55 ,52631100.00 ,28.12 ,28.59 ,28.07 ,3.00 ,0.0195 ,,0.21 
1/19/2011,28.47 ,50005900.00 ,28.46 ,28.68 ,28.27 ,3.00 ,-0.0028 ,,
1/26/2011,28.78 ,74628800.00 ,28.51 ,28.99 ,28.50 ,3.00 ,0.0108 ,,
2/2/2011,27.94 ,45824000.00 ,27.93 ,28.11 ,27.88 ,3.00 ,-0.0296 ,,
2/9/2011,27.97 ,52905100.00 ,28.19 ,28.26 ,27.91 ,3.00 ,0.0011 ,,
2/16/2011,27.02 ,70817900.00 ,27.05 ,27.07 ,26.60 ,3.00 ,-0.0346 ,,
2/23/2011,26.59 ,60234100.00 ,26.53 ,26.86 ,26.43 ,3.00 ,-0.0160 ,,
3/2/2011,26.08 ,48658200.00 ,26.11 ,26.37 ,26.04 ,3.00 ,-0.0194 ,,
3/9/2011,25.89 ,39789100.00 ,25.81 ,25.98 ,25.66 ,3.00 ,-0.0073 ,,
3/16/2011,24.79 ,100725400.00 ,25.22 ,25.28 ,24.68 ,3.00 ,-0.0434 ,,
3/23/2011,25.54 ,43969000.00 ,25.23 ,25.61 ,25.18 ,3.00 ,0.0298 ,,
3/30/2011,25.61 ,41999300.00 ,25.60 ,25.72 ,25.50 ,3.00 ,0.0027 ,,
4/6/2011,26.15 ,65581400.00 ,25.98 ,26.31 ,25.86 ,3.00 ,0.0209 ,,
4/13/2011,25.63 ,38144700.00 ,25.65 ,25.87 ,25.56 ,3.00 ,-0.0201 ,,
4/20/2011,25.76 ,61608600.00 ,25.54 ,26.00 ,25.51 ,3.00 ,0.0051 ,,
4/27/2011,26.38 ,52689000.00 ,26.30 ,26.39 ,26.13 ,3.00 ,0.0238 ,,
5/4/2011,26.06 ,73292300.00 ,25.85 ,26.25 ,25.79 ,3.00 ,-0.0122 ,,
5/11/2011,25.36 ,78600000.00 ,25.65 ,25.66 ,25.21 ,3.00 ,-0.0272 ,,
5/18/2011,24.69 ,53931100.00 ,24.53 ,24.74 ,24.25 ,3.00 ,-0.0268 ,,
5/25/2011,24.19 ,34904200.00 ,24.17 ,24.31 ,24.16 ,3.00 ,-0.0205 ,,
6/1/2011,24.43 ,74033500.00 ,24.99 ,25.10 ,24.37 ,3.00 ,0.0099 ,,
6/8/2011,23.94 ,42205000.00 ,23.90 ,24.02 ,23.86 ,3.00 ,-0.0203 ,,
6/15/2011,23.74 ,49410200.00 ,24.00 ,24.01 ,23.67 ,3.00 ,-0.0084 ,,
6/22/2011,24.65 ,44287300.00 ,24.60 ,24.81 ,24.59 ,3.00 ,0.0376 ,,
6/29/2011,25.62 ,66051000.00 ,25.71 ,25.71 ,25.36 ,3.00 ,0.0386 ,,
7/6/2011,26.33 ,48744200.00 ,25.97 ,26.37 ,25.96 ,3.00 ,0.0273 ,,
7/13/2011,26.63 ,40861800.00 ,26.60 ,26.96 ,26.51 ,3.00 ,0.0113 ,,
7/20/2011,27.06 ,49795400.00 ,27.28 ,27.35 ,26.98 ,3.00 ,0.0160 ,,
7/27/2011,27.33 ,71488700.00 ,27.88 ,27.99 ,27.20 ,3.00 ,0.0099 ,,
8/3/2011,26.92 ,64581200.00 ,26.83 ,27.00 ,26.48 ,3.00 ,-0.0151 ,,
8/10/2011,24.20 ,127819900.00 ,24.95 ,25.09 ,24.10 ,3.00 ,-0.1065 ,,
8/17/2011,25.25 ,50923700.00 ,25.25 ,25.70 ,24.93 ,3.00 ,0.0425 ,,
8/24/2011,24.90 ,45329700.00 ,24.65 ,24.93 ,24.42 ,3.00 ,-0.0140 ,,
8/31/2011,26.60 ,59300800.00 ,26.29 ,26.71 ,26.26 ,3.00 ,0.0660 ,,
9/7/2011,26.00 ,41961000.00 ,25.69 ,26.00 ,25.57 ,3.00 ,-0.0228 ,,
9/14/2011,26.50 ,66739200.00 ,26.17 ,26.80 ,25.89 ,3.00 ,0.0190 ,,
9/21/2011,25.99 ,72750700.00 ,27.05 ,27.06 ,25.97 ,3.00 ,-0.0194 ,,
9/28/2011,25.58 ,60736200.00 ,25.93 ,26.37 ,25.51 ,3.00 ,-0.0159 ,,
10/5/2011,25.89 ,94061300.00 ,25.42 ,26.16 ,25.16 ,3.00 ,0.0120 ,,
10/12/2011,26.96 ,52489800.00 ,27.18 ,27.31 ,26.90 ,3.00 ,0.0405 ,,
10/19/2011,27.13 ,42880000.00 ,27.37 ,27.47 ,27.01 ,3.00 ,0.0063 ,,
10/26/2011,26.59 ,63029900.00 ,27.03 ,27.06 ,26.10 ,3.00 ,-0.0201 ,,
11/2/2011,26.01 ,53533100.00 ,26.10 ,26.20 ,25.70 ,3.00 ,-0.0221 ,,
11/9/2011,26.20 ,62950900.00 ,26.59 ,26.75 ,26.06 ,3.00 ,0.0073 ,,
11/16/2011,26.07 ,53262800.00 ,26.47 ,26.51 ,26.04 ,3.00 ,-0.0050 ,,
11/23/2011,24.47 ,49090820.00 ,24.61 ,24.79 ,24.47 ,3.00 ,-0.0633 ,,
11/30/2011,25.58 ,81159430.00 ,25.37 ,25.59 ,25.14 ,3.00 ,0.0444 ,,
12/7/2011,25.60 ,62596450.00 ,25.67 ,25.76 ,25.34 ,3.00 ,0.0008 ,,
12/14/2011,25.59 ,47675400.00 ,25.72 ,25.86 ,25.57 ,3.00 ,-0.0004 ,,
12/21/2011,25.76 ,64122850.00 ,26.01 ,26.19 ,25.44 ,3.00 ,0.0066 ,,
12/28/2011,25.82 ,29790500.00 ,26.11 ,26.15 ,25.76 ,3.00 ,0.0023 ,,
1/4/2012,27.40 ,80221700.00 ,26.82 ,27.47 ,26.78 ,3.00 ,0.0594 ,,0.21 
1/11/2012,27.72 ,65567410.00 ,27.43 ,27.98 ,27.37 ,3.00 ,0.0116 ,,
1/18/2012,28.23 ,64831080.00 ,28.31 ,28.40 ,27.97 ,3.00 ,0.0182 ,,
1/25/2012,29.56 ,59214930.00 ,29.07 ,29.65 ,29.07 ,3.00 ,0.0460 ,,
2/1/2012,29.89 ,67404180.00 ,29.79 ,30.05 ,29.76 ,3.00 ,0.0111 ,,
2/8/2012,30.66 ,49652740.00 ,30.26 ,30.67 ,30.22 ,3.00 ,0.0254 ,,
2/15/2012,30.05 ,43307170.00 ,30.33 ,30.39 ,30.03 ,3.00 ,-0.0201 ,,
2/22/2012,31.27 ,49233770.00 ,31.45 ,31.68 ,31.18 ,3.00 ,0.0398 ,,
2/29/2012,31.74 ,59312740.00 ,31.89 ,32.00 ,31.61 ,3.00 ,0.0149 ,,
3/7/2012,31.84 ,34339940.00 ,31.67 ,31.92 ,31.53 ,3.00 ,0.0031 ,,
3/14/2012,32.77 ,41983630.00 ,32.53 ,32.88 ,32.49 ,3.00 ,0.0288 ,,
3/21/2012,31.91 ,37928580.00 ,31.96 ,32.15 ,31.82 ,3.00 ,-0.0266 ,,
3/28/2012,32.19 ,41344050.00 ,32.52 ,32.70 ,32.04 ,3.00 ,0.0087 ,,
4/4/2012,31.21 ,49426000.00 ,31.66 ,31.69 ,31.05 ,3.00 ,-0.0309 ,,
4/11/2012,30.35 ,43012690.00 ,30.43 ,30.53 ,30.23 ,3.00 ,-0.0279 ,,
4/18/2012,31.14 ,40547670.00 ,31.28 ,31.31 ,31.04 ,3.00 ,0.0257 ,,
4/25/2012,32.20 ,62495310.00 ,31.92 ,32.32 ,31.87 ,3.00 ,0.0335 ,,
5/2/2012,31.80 ,37366570.00 ,31.85 ,31.93 ,31.64 ,3.00 ,-0.0125 ,,
5/9/2012,30.76 ,50283770.00 ,30.19 ,30.83 ,30.10 ,3.00 ,-0.0333 ,,
5/16/2012,29.90 ,60066690.00 ,30.31 ,30.32 ,29.74 ,3.00 ,-0.0284 ,,
5/23/2012,29.11 ,65161310.00 ,29.35 ,29.40 ,28.64 ,3.00 ,-0.0268 ,,
5/30/2012,29.34 ,41584490.00 ,29.35 ,29.48 ,29.12 ,3.00 ,0.0079 ,,
6/6/2012,29.35 ,46811510.00 ,28.88 ,29.37 ,28.81 ,3.00 ,0.0003 ,,
6/13/2012,29.13 ,32982990.00 ,29.22 ,29.44 ,29.05 ,3.00 ,-0.0075 ,,
6/20/2012,30.93 ,36204510.00 ,30.93 ,31.05 ,30.64 ,3.00 ,0.0600 ,,
6/27/2012,30.17 ,33760570.00 ,30.19 ,30.50 ,30.03 ,3.00 ,-0.0249 ,,
7/11/2012,29.30 ,39177960.00 ,29.71 ,29.74 ,29.11 ,3.00 ,-0.0293 ,,
7/18/2012,30.45 ,41084200.00 ,29.60 ,30.45 ,29.46 ,3.00 ,0.0385 ,,
7/25/2012,28.83 ,45578140.00 ,29.24 ,29.33 ,28.78 ,3.00 ,-0.0547 ,,
8/1/2012,29.41 ,31721700.00 ,29.59 ,29.65 ,29.21 ,3.00 ,0.0199 ,,
8/8/2012,30.33 ,26256330.00 ,30.21 ,30.47 ,30.11 ,3.00 ,0.0308 ,,
8/15/2012,30.20 ,24350980.00 ,30.11 ,30.28 ,30.02 ,3.00 ,-0.0043 ,,
8/22/2012,30.54 ,33332540.00 ,30.59 ,30.76 ,30.47 ,3.00 ,0.0112 ,,
8/29/2012,30.65 ,23346780.00 ,30.65 ,30.75 ,30.44 ,3.00 ,0.0036 ,,
9/5/2012,30.39 ,33649090.00 ,30.22 ,30.53 ,30.21 ,3.00 ,-0.0085 ,,
9/12/2012,30.78 ,32745280.00 ,30.94 ,31.18 ,30.73 ,3.00 ,0.0128 ,,
9/19/2012,31.05 ,48867240.00 ,31.09 ,31.19 ,31.04 ,3.00 ,0.0087 ,,
9/26/2012,30.17 ,54655030.00 ,30.28 ,30.60 ,30.04 ,3.00 ,-0.0288 ,,
10/3/2012,29.86 ,46643520.00 ,29.75 ,29.99 ,29.67 ,3.00 ,-0.0103 ,,
10/10/2012,28.98 ,47208530.00 ,29.15 ,29.31 ,28.95 ,3.00 ,-0.0299 ,,
10/17/2012,29.59 ,44203000.00 ,29.30 ,29.64 ,29.09 ,3.00 ,0.0208 ,,
10/24/2012,27.90 ,53305230.00 ,28.16 ,28.20 ,27.87 ,3.00 ,-0.0588 ,,
10/31/2012,28.54 ,69463530.00 ,28.55 ,28.88 ,28.50 ,3.00 ,0.0227 ,,
11/7/2012,29.08 ,57870520.00 ,29.53 ,29.83 ,29.05 ,3.00 ,0.0187 ,,
11/14/2012,26.84 ,76079830.00 ,27.24 ,27.29 ,26.80 ,3.00 ,-0.0802 ,,
11/21/2012,26.95 ,66340540.00 ,26.71 ,27.17 ,26.67 ,3.00 ,0.0041 ,,
11/28/2012,27.36 ,52990780.00 ,27.01 ,27.39 ,26.77 ,3.00 ,0.0151 ,,
12/5/2012,26.67 ,68118800.00 ,26.38 ,26.93 ,26.26 ,3.00 ,-0.0255 ,,
12/12/2012,27.24 ,43942760.00 ,27.53 ,27.62 ,27.08 ,3.00 ,0.0211 ,,
12/19/2012,27.31 ,53517320.00 ,27.69 ,27.73 ,27.25 ,3.00 ,0.0026 ,,
12/26/2012,26.86 ,31630310.00 ,27.03 ,27.20 ,26.70 ,3.00 ,-0.0166 ,,
1/2/2013,27.62 ,52897110.00 ,27.25 ,27.73 ,27.15 ,3.00 ,0.0279 ,,0.25 
1/9/2013,26.70 ,38375910.00 ,26.72 ,26.75 ,26.56 ,3.00 ,-0.0339 ,,
1/16/2013,27.04 ,41062810.00 ,27.15 ,27.23 ,27.01 ,3.00 ,0.0127 ,,
1/23/2013,27.61 ,50288930.00 ,27.20 ,27.64 ,27.20 ,3.00 ,0.0209 ,,
1/30/2013,27.85 ,43571210.00 ,28.01 ,28.19 ,27.76 ,3.00 ,0.0087 ,,
2/6/2013,27.34 ,41750840.00 ,27.38 ,27.54 ,27.25 ,3.00 ,-0.0185 ,,
2/13/2013,28.03 ,41714330.00 ,27.93 ,28.11 ,27.88 ,3.00 ,0.0249 ,,
2/20/2013,27.87 ,44100870.00 ,28.13 ,28.20 ,27.83 ,3.00 ,-0.0057 ,,
2/27/2013,27.81 ,36364200.00 ,27.42 ,28.00 ,27.33 ,3.00 ,-0.0022 ,,
3/6/2013,28.09 ,51448250.00 ,28.21 ,28.23 ,27.78 ,3.00 ,0.0100 ,,
3/13/2013,27.92 ,29037180.00 ,27.87 ,28.02 ,27.75 ,3.00 ,-0.0061 ,,
3/20/2013,28.32 ,35446920.00 ,28.34 ,28.49 ,28.18 ,3.00 ,0.0142 ,,
3/27/2013,28.37 ,35894590.00 ,28.14 ,28.45 ,28.08 ,3.00 ,0.0018 ,,
4/3/2013,28.56 ,35046040.00 ,28.75 ,28.95 ,28.54 ,3.00 ,0.0067 ,,
4/10/2013,30.28 ,70932030.00 ,29.57 ,30.32 ,29.52 ,3.00 ,0.0585 ,,
4/17/2013,28.83 ,52840240.00 ,28.85 ,29.04 ,28.60 ,3.00 ,-0.0491 ,,
4/24/2013,31.76 ,90895310.00 ,30.62 ,31.92 ,30.60 ,3.00 ,0.0968 ,,
5/1/2013,32.72 ,54327480.00 ,32.93 ,33.08 ,32.60 ,3.00 ,0.0298 ,,
5/8/2013,32.99 ,51639890.00 ,33.07 ,33.24 ,32.65 ,3.00 ,0.0082 ,,
5/15/2013,33.85 ,46302980.00 ,33.45 ,33.90 ,33.43 ,3.00 ,0.0257 ,,
5/22/2013,34.61 ,66038450.00 ,34.79 ,34.84 ,34.36 ,3.00 ,0.0222 ,,
5/29/2013,34.88 ,38387660.00 ,34.74 ,35.02 ,34.57 ,3.00 ,0.0078 ,,
6/5/2013,34.78 ,46023860.00 ,34.60 ,34.89 ,34.43 ,3.00 ,-0.0029 ,,
6/12/2013,35.00 ,37371180.00 ,35.14 ,35.27 ,34.85 ,3.00 ,0.0063 ,,
6/19/2013,34.59 ,30810410.00 ,34.96 ,35.09 ,34.59 ,3.00 ,-0.0118 ,,
6/26/2013,34.35 ,48665440.00 ,34.12 ,34.48 ,33.89 ,3.00 ,-0.0070 ,,
7/3/2013,34.01 ,15994380.00 ,33.66 ,34.37 ,33.60 ,3.00 ,-0.0099 ,,
7/10/2013,34.70 ,29844420.00 ,34.34 ,34.81 ,34.32 ,3.00 ,0.0201 ,,
7/17/2013,35.74 ,37280170.00 ,36.34 ,36.39 ,35.49 ,3.00 ,0.0295 ,,
7/24/2013,31.96 ,52798940.00 ,32.04 ,32.19 ,31.89 ,3.00 ,-0.1118 ,,
7/31/2013,31.84 ,43898440.00 ,31.97 ,32.05 ,31.71 ,3.00 ,-0.0038 ,,
8/7/2013,32.06 ,38043190.00 ,31.54 ,32.10 ,31.25 ,3.00 ,0.0069 ,,
8/14/2013,32.35 ,48518150.00 ,32.14 ,33.36 ,31.70 ,3.00 ,0.0090 ,,
8/21/2013,31.61 ,37397450.00 ,31.61 ,32.01 ,31.54 ,3.00 ,-0.0231 ,,
8/28/2013,33.02 ,44257220.00 ,33.39 ,33.60 ,33.00 ,3.00 ,0.0436 ,,
9/4/2013,31.20 ,142256200.00 ,31.39 ,31.47 ,31.11 ,3.00 ,-0.0567 ,,
9/11/2013,32.74 ,39067010.00 ,32.57 ,32.93 ,32.53 ,3.00 ,0.0482 ,,
9/18/2013,33.32 ,64024200.00 ,32.99 ,33.40 ,32.83 ,3.00 ,0.0176 ,,
9/25/2013,32.51 ,28826100.00 ,32.49 ,32.80 ,32.40 ,3.00 ,-0.0246 ,,
10/2/2013,33.92 ,46924840.00 ,33.36 ,34.03 ,33.29 ,3.00 ,0.0425 ,,
10/9/2013,33.07 ,35839870.00 ,33.07 ,33.35 ,32.96 ,3.00 ,-0.0254 ,,
10/16/2013,34.64 ,34959120.00 ,34.60 ,34.90 ,34.56 ,3.00 ,0.0464 ,,
10/23/2013,33.76 ,58422670.00 ,34.35 ,34.49 ,33.67 ,3.00 ,-0.0257 ,,
10/30/2013,35.54 ,36997340.00 ,35.53 ,35.79 ,35.43 ,3.00 ,0.0514 ,,
11/6/2013,38.18 ,88882640.00 ,37.24 ,38.22 ,37.06 ,3.00 ,0.0717 ,,
11/13/2013,38.16 ,44908560.00 ,36.98 ,38.16 ,36.90 ,3.00 ,-0.0005 ,,
11/20/2013,37.08 ,32229950.00 ,36.92 ,37.41 ,36.86 ,3.00 ,-0.0287 ,,
11/27/2013,37.60 ,26001220.00 ,37.57 ,37.76 ,37.49 ,3.00 ,0.0139 ,,
12/4/2013,38.94 ,51913320.00 ,38.21 ,38.98 ,38.12 ,3.00 ,0.0350 ,,
12/11/2013,37.61 ,39848810.00 ,38.06 ,38.30 ,37.39 ,3.00 ,-0.0348 ,,
12/18/2013,36.58 ,63149770.00 ,36.36 ,36.60 ,35.53 ,3.00 ,-0.0278 ,,
1/8/2014,35.76 ,59951110.00 ,36.00 ,36.14 ,35.58 ,3.00 ,-0.0227 ,,0.19 
1/15/2014,36.76 ,44800170.00 ,35.90 ,36.79 ,35.85 ,3.00 ,0.0276 ,,
1/22/2014,35.93 ,21904030.00 ,36.26 ,36.32 ,35.75 ,3.00 ,-0.0228 ,,
1/29/2014,36.66 ,52745900.00 ,35.98 ,36.88 ,35.90 ,3.00 ,0.0201 ,,
2/5/2014,35.82 ,55813500.00 ,36.29 ,36.47 ,35.80 ,3.00 ,-0.0232 ,,
2/12/2014,37.47 ,27051620.00 ,37.35 ,37.60 ,37.30 ,3.00 ,0.0450 ,,
2/19/2014,37.51 ,29750390.00 ,37.22 ,37.75 ,37.21 ,3.00 ,0.0011 ,,
2/26/2014,37.47 ,41036630.00 ,37.58 ,37.74 ,37.19 ,3.00 ,-0.0011 ,,
3/5/2014,38.11 ,20519850.00 ,38.25 ,38.27 ,37.93 ,3.00 ,0.0169 ,,
3/12/2014,38.27 ,30494150.00 ,37.80 ,38.43 ,37.79 ,3.00 ,0.0042 ,,
3/19/2014,39.27 ,35140580.00 ,39.47 ,39.55 ,38.91 ,3.00 ,0.0258 ,,
3/26/2014,39.79 ,41854930.00 ,40.48 ,40.71 ,39.60 ,3.00 ,0.0132 ,,
4/2/2014,41.35 ,28614590.00 ,41.44 ,41.66 ,41.17 ,3.00 ,0.0385 ,,
4/9/2014,40.47 ,27331630.00 ,39.93 ,40.55 ,39.88 ,3.00 ,-0.0215 ,,
4/16/2014,40.40 ,30282610.00 ,40.06 ,40.42 ,39.91 ,3.00 ,-0.0017 ,,
4/23/2014,39.69 ,24556290.00 ,39.99 ,39.99 ,39.47 ,3.00 ,-0.0177 ,,
4/30/2014,40.40 ,35421760.00 ,40.40 ,40.50 ,40.17 ,3.00 ,0.0177 ,,
5/7/2014,39.43 ,41731030.00 ,39.22 ,39.51 ,38.51 ,3.00 ,-0.0243 ,,
5/14/2014,40.24 ,18803840.00 ,40.30 ,40.45 ,40.05 ,3.00 ,0.0203 ,,
5/21/2014,40.35 ,22377460.00 ,39.80 ,40.35 ,39.74 ,3.00 ,0.0027 ,,
5/28/2014,40.01 ,25711440.00 ,40.14 ,40.19 ,39.82 ,3.00 ,-0.0085 ,,
6/4/2014,40.32 ,23198020.00 ,40.21 ,40.37 ,39.86 ,3.00 ,0.0077 ,,
6/11/2014,40.86 ,17635280.00 ,40.93 ,41.07 ,40.77 ,3.00 ,0.0133 ,,
6/18/2014,41.65 ,27053740.00 ,41.61 ,41.74 ,41.18 ,3.00 ,0.0191 ,,
6/25/2014,42.03 ,20038340.00 ,41.70 ,42.05 ,41.46 ,3.00 ,0.0091 ,,
7/2/2014,41.90 ,20208090.00 ,41.73 ,41.90 ,41.53 ,3.00 ,-0.0031 ,,
7/9/2014,41.67 ,18374910.00 ,41.98 ,41.99 ,41.53 ,3.00 ,-0.0055 ,,
7/16/2014,44.08 ,63304860.00 ,42.51 ,44.31 ,42.48 ,3.00 ,0.0562 ,,
7/23/2014,44.87 ,52352270.00 ,45.45 ,45.45 ,44.62 ,3.00 ,0.0178 ,,
7/30/2014,43.58 ,31918500.00 ,44.07 ,44.10 ,43.29 ,3.00 ,-0.0292 ,,
8/6/2014,42.74 ,24625300.00 ,42.74 ,43.17 ,42.21 ,3.00 ,-0.0195 ,,
8/13/2014,44.08 ,22851140.00 ,43.68 ,44.18 ,43.52 ,3.00 ,0.0309 ,,
8/20/2014,44.95 ,24747360.00 ,45.34 ,45.40 ,44.90 ,3.00 ,0.0195 ,,
8/27/2014,44.87 ,20822900.00 ,44.90 ,45.00 ,44.76 ,3.00 ,-0.0018 ,,
9/3/2014,44.96 ,33662430.00 ,44.53 ,45.11 ,44.53 ,3.00 ,0.0020 ,,
9/10/2014,46.84 ,27297820.00 ,46.82 ,46.94 ,46.28 ,3.00 ,0.0410 ,,
9/17/2014,46.52 ,38247550.00 ,46.26 ,46.69 ,46.23 ,3.00 ,-0.0069 ,,
9/24/2014,47.08 ,26533890.00 ,46.63 ,47.11 ,46.34 ,3.00 ,0.0120 ,,
10/1/2014,45.90 ,38050210.00 ,46.27 ,46.53 ,45.85 ,3.00 ,-0.0254 ,,
10/8/2014,46.78 ,32977510.00 ,45.48 ,46.89 ,45.34 ,3.00 ,0.0190 ,,
10/15/2014,43.22 ,60188290.00 ,43.00 ,43.39 ,42.10 ,3.00 ,-0.0792 ,,
10/22/2014,44.38 ,33570230.00 ,45.00 ,45.07 ,44.23 ,3.00 ,0.0265 ,,
10/29/2014,46.62 ,30274720.00 ,46.44 ,46.70 ,46.34 ,3.00 ,0.0492 ,,
11/5/2014,47.86 ,22447160.00 ,47.80 ,47.90 ,47.26 ,3.00 ,0.0263 ,,
11/12/2014,48.78 ,22721330.00 ,48.56 ,48.92 ,48.52 ,3.00 ,0.0190 ,,
11/19/2014,48.22 ,26166200.00 ,48.66 ,48.75 ,47.93 ,3.00 ,-0.0115 ,,
11/26/2014,47.75 ,27162850.00 ,47.49 ,47.99 ,47.28 ,3.00 ,-0.0098 ,,
12/3/2014,48.08 ,23528130.00 ,48.44 ,48.50 ,47.81 ,3.00 ,0.0069 ,,
12/10/2014,46.90 ,30284690.00 ,47.58 ,47.66 ,46.70 ,3.00 ,-0.0248 ,,
12/17/2014,45.74 ,34967260.00 ,45.05 ,45.95 ,44.90 ,3.00 ,-0.0250 ,,
12/24/2014,48.14 ,11442790.00 ,48.64 ,48.64 ,48.08 ,3.00 ,0.0511 ,,
12/31/2014,46.45 ,21551090.00 ,46.73 ,47.44 ,46.45 ,3.00 ,-0.0357 ,,
1/7/2015,46.23 ,29103920.00 ,45.98 ,46.46 ,45.49 ,3.00 ,-0.0047 ,,0.27 
1/14/2015,45.96 ,29713190.00 ,45.96 ,46.24 ,45.62 ,3.00 ,-0.0059 ,,
1/21/2015,45.92 ,37113740.00 ,45.94 ,46.14 ,45.48 ,3.00 ,-0.0009 ,,
1/28/2015,41.19 ,84453280.00 ,42.74 ,42.79 ,41.16 ,3.00 ,-0.1087 ,,
2/4/2015,41.84 ,41585310.00 ,41.94 ,42.21 ,41.36 ,3.00 ,0.0157 ,,
2/11/2015,42.38 ,38248500.00 ,42.65 ,42.65 ,42.21 ,3.00 ,0.0128 ,,
2/18/2015,43.53 ,27105640.00 ,43.63 ,43.70 ,43.39 ,3.00 ,0.0268 ,,
2/25/2015,43.99 ,29749090.00 ,43.95 ,44.09 ,43.80 ,3.00 ,0.0105 ,,
3/4/2015,43.06 ,25746840.00 ,43.01 ,43.21 ,42.88 ,3.00 ,-0.0214 ,,
3/11/2015,41.98 ,32214780.00 ,42.31 ,42.37 ,41.84 ,3.00 ,-0.0254 ,,
3/18/2015,42.50 ,44178520.00 ,41.43 ,42.83 ,41.33 ,3.00 ,0.0123 ,,
3/25/2015,41.46 ,43427180.00 ,42.92 ,42.93 ,41.44 ,3.00 ,-0.0248 ,,
4/1/2015,40.72 ,36841010.00 ,40.60 ,40.76 ,40.31 ,3.00 ,-0.0180 ,,
4/8/2015,41.42 ,24699710.00 ,41.46 ,41.69 ,41.04 ,3.00 ,0.0170 ,,
4/15/2015,42.26 ,27307270.00 ,41.76 ,42.46 ,41.68 ,3.00 ,0.0201 ,,
4/22/2015,42.99 ,25032050.00 ,42.67 ,43.13 ,42.55 ,3.00 ,0.0171 ,,
4/29/2015,49.06 ,47665440.00 ,48.72 ,49.31 ,48.50 ,3.00 ,0.1321 ,,
5/6/2015,46.28 ,52416760.00 ,47.57 ,47.77 ,46.02 ,3.00 ,-0.0583 ,,
5/13/2015,47.63 ,34182750.00 ,48.19 ,48.32 ,47.57 ,3.00 ,0.0288 ,,
5/20/2015,47.58 ,25035330.00 ,47.39 ,47.93 ,47.27 ,3.00 ,-0.0011 ,,
5/27/2015,47.61 ,27333730.00 ,46.82 ,47.77 ,46.62 ,3.00 ,0.0006 ,,
6/3/2015,46.85 ,28000370.00 ,47.37 ,47.74 ,46.82 ,3.00 ,-0.0161 ,,
6/10/2015,46.61 ,28416030.00 ,45.79 ,46.83 ,45.69 ,3.00 ,-0.0051 ,,
6/17/2015,45.97 ,28683290.00 ,45.73 ,46.07 ,45.36 ,3.00 ,-0.0138 ,,
6/24/2015,45.64 ,34849400.00 ,45.67 ,46.25 ,45.55 ,3.00 ,-0.0072 ,,
7/1/2015,44.45 ,28339610.00 ,44.46 ,45.23 ,44.10 ,3.00 ,-0.0264 ,,
7/8/2015,44.24 ,39761460.00 ,44.44 ,44.90 ,44.03 ,3.00 ,-0.0047 ,,
7/15/2015,45.76 ,26619810.00 ,45.68 ,45.89 ,45.43 ,3.00 ,0.0338 ,,
7/22/2015,45.54 ,59039160.00 ,45.44 ,46.93 ,45.20 ,3.00 ,-0.0048 ,,
7/29/2015,46.29 ,40924210.00 ,45.40 ,46.78 ,45.26 ,3.00 ,0.0163 ,,
8/5/2015,47.58 ,27003740.00 ,47.98 ,48.41 ,47.54 ,3.00 ,0.0275 ,,
8/12/2015,46.74 ,30184710.00 ,46.19 ,46.90 ,45.71 ,3.00 ,-0.0178 ,,
8/19/2015,46.61 ,31472060.00 ,46.78 ,47.08 ,46.30 ,3.00 ,-0.0028 ,,
8/26/2015,42.71 ,63297300.00 ,42.01 ,42.84 ,41.06 ,3.00 ,-0.0874 ,,
9/2/2015,43.36 ,37624230.00 ,42.36 ,43.38 ,41.88 ,3.00 ,0.0151 ,,
9/9/2015,43.07 ,33448580.00 ,44.21 ,44.40 ,42.91 ,3.00 ,-0.0067 ,,
9/16/2015,44.30 ,23337620.00 ,43.97 ,44.38 ,43.84 ,3.00 ,0.0282 ,,
9/23/2015,43.87 ,17099600.00 ,43.93 ,44.17 ,43.51 ,3.00 ,-0.0098 ,,
9/30/2015,44.26 ,34944070.00 ,43.88 ,44.30 ,43.66 ,3.00 ,0.0089 ,,
10/7/2015,46.80 ,27695610.00 ,47.10 ,47.35 ,45.95 ,3.00 ,0.0558 ,,
10/14/2015,46.68 ,24693460.00 ,46.65 ,47.10 ,46.53 ,3.00 ,-0.0026 ,,
10/21/2015,47.20 ,25222760.00 ,47.92 ,47.99 ,47.11 ,3.00 ,0.0111 ,,
10/28/2015,53.98 ,46948360.00 ,53.54 ,53.98 ,52.86 ,3.00 ,0.1342 ,,
11/4/2015,54.40 ,37084780.00 ,54.18 ,54.88 ,54.06 ,3.00 ,0.0078 ,,
11/11/2015,53.65 ,34010630.00 ,53.70 ,54.20 ,53.46 ,3.00 ,-0.0139 ,,
11/18/2015,53.85 ,29125950.00 ,53.00 ,53.98 ,52.98 ,3.00 ,0.0037 ,,
11/25/2015,53.69 ,20987820.00 ,54.09 ,54.23 ,53.69 ,3.00 ,-0.0030 ,,
12/2/2015,55.21 ,47249030.00 ,55.32 ,55.96 ,55.06 ,3.00 ,0.0279 ,,
12/9/2015,54.98 ,36359780.00 ,55.37 ,55.87 ,54.51 ,3.00 ,-0.0042 ,,
12/16/2015,56.13 ,37473420.00 ,55.54 ,56.25 ,54.76 ,3.00 ,0.0207 ,,
12/23/2015,55.82 ,27269200.00 ,55.70 ,55.88 ,55.44 ,3.00 ,-0.0055 ,,
12/30/2015,56.31 ,21690270.00 ,56.47 ,56.78 ,56.29 ,3.00 ,0.0087 ,,
1/6/2016,54.05 ,39498780.00 ,54.32 ,54.40 ,53.64 ,3.00 ,-0.0410 ,,0.19 
1/13/2016,51.64 ,66862860.00 ,53.80 ,54.07 ,51.30 ,3.00 ,-0.0456 ,,
1/20/2016,50.79 ,63249630.00 ,49.98 ,51.38 ,49.10 ,3.00 ,-0.0166 ,,
1/27/2016,51.22 ,36647310.00 ,52.01 ,52.20 ,51.02 ,3.00 ,0.0084 ,,
2/3/2016,52.16 ,57526850.00 ,53.25 ,53.39 ,51.26 ,3.00 ,0.0182 ,,
2/10/2016,49.71 ,38220450.00 ,49.89 ,50.39 ,49.52 ,3.00 ,-0.0481 ,,
2/17/2016,52.42 ,40779580.00 ,51.49 ,52.77 ,51.45 ,3.00 ,0.0531 ,,
2/24/2016,51.36 ,32918630.00 ,50.69 ,51.50 ,50.20 ,3.00 ,-0.0204 ,,
3/2/2016,52.95 ,29269240.00 ,52.41 ,52.96 ,52.16 ,3.00 ,0.0305 ,,
3/9/2016,52.84 ,28238270.00 ,51.89 ,52.85 ,51.86 ,3.00 ,-0.0021 ,,
3/16/2016,54.35 ,31679130.00 ,53.45 ,54.60 ,53.40 ,3.00 ,0.0282 ,,
3/23/2016,53.97 ,20123800.00 ,54.11 ,54.24 ,53.74 ,3.00 ,-0.0070 ,,
3/30/2016,55.05 ,22992090.00 ,54.93 ,55.64 ,54.90 ,3.00 ,0.0198 ,,
4/6/2016,55.12 ,21072150.00 ,54.36 ,55.20 ,54.21 ,3.00 ,0.0013 ,,
4/13/2016,55.35 ,20813640.00 ,55.12 ,55.44 ,54.89 ,3.00 ,0.0042 ,,
4/20/2016,55.59 ,36169280.00 ,56.29 ,56.50 ,55.49 ,3.00 ,0.0043 ,,
4/27/2016,50.94 ,43301480.00 ,51.48 ,51.50 ,50.55 ,3.00 ,-0.0874 ,,
5/4/2016,49.87 ,24249670.00 ,49.84 ,50.06 ,49.46 ,3.00 ,-0.0212 ,,
5/11/2016,51.05 ,24026140.00 ,51.13 ,51.78 ,51.00 ,3.00 ,0.0234 ,,
5/18/2016,50.81 ,24861480.00 ,50.48 ,51.14 ,50.30 ,3.00 ,-0.0047 ,,
5/25/2016,52.12 ,24176970.00 ,51.92 ,52.49 ,51.79 ,3.00 ,0.0255 ,,
6/1/2016,52.85 ,25104350.00 ,52.44 ,52.95 ,52.44 ,3.00 ,0.0139 ,,
6/8/2016,52.04 ,21127190.00 ,52.02 ,52.44 ,51.87 ,3.00 ,-0.0154 ,,
6/15/2016,49.69 ,33718830.00 ,49.78 ,50.12 ,49.69 ,3.00 ,-0.0462 ,,
6/22/2016,50.99 ,28801660.00 ,51.08 ,51.46 ,50.95 ,3.00 ,0.0258 ,,
6/29/2016,50.54 ,31287260.00 ,49.91 ,50.72 ,49.80 ,3.00 ,-0.0089 ,,
7/6/2016,51.38 ,28165990.00 ,50.78 ,51.54 ,50.39 ,3.00 ,0.0165 ,,
7/13/2016,53.51 ,25334860.00 ,53.56 ,53.86 ,53.18 ,3.00 ,0.0406 ,,
7/20/2016,55.91 ,89835200.00 ,56.15 ,56.84 ,55.53 ,3.00 ,0.0439 ,,
7/27/2016,56.19 ,32283520.00 ,56.61 ,56.80 ,56.11 ,3.00 ,0.0050 ,,
8/3/2016,56.97 ,22069790.00 ,56.68 ,57.11 ,56.49 ,3.00 ,0.0138 ,,
8/10/2016,58.02 ,15702720.00 ,58.16 ,58.32 ,57.82 ,3.00 ,0.0183 ,,
8/17/2016,57.56 ,18798940.00 ,57.54 ,57.68 ,57.23 ,3.00 ,-0.0080 ,,
8/24/2016,57.95 ,17118420.00 ,57.80 ,58.04 ,57.72 ,3.00 ,0.0068 ,,
8/31/2016,57.46 ,20844280.00 ,57.65 ,57.80 ,57.30 ,3.00 ,-0.0085 ,,
9/7/2016,57.66 ,17484810.00 ,57.47 ,57.84 ,57.41 ,3.00 ,0.0035 ,,
9/14/2016,56.26 ,24265700.00 ,56.39 ,56.63 ,56.03 ,3.00 ,-0.0246 ,,
9/21/2016,57.76 ,33623490.00 ,57.51 ,57.85 ,57.08 ,3.00 ,0.0263 ,,
9/28/2016,58.03 ,20523320.00 ,57.88 ,58.06 ,57.67 ,3.00 ,0.0047 ,,
10/5/2016,57.64 ,16708620.00 ,57.29 ,57.96 ,57.26 ,3.00 ,-0.0067 ,,
10/12/2016,57.11 ,22157100.00 ,57.11 ,57.27 ,56.40 ,3.00 ,-0.0092 ,,
10/19/2016,57.53 ,22840410.00 ,57.47 ,57.84 ,57.40 ,3.00 ,0.0073 ,,
10/26/2016,60.63 ,29908240.00 ,60.81 ,61.20 ,60.47 ,3.00 ,0.0525 ,,
11/2/2016,59.43 ,22118490.00 ,59.82 ,59.93 ,59.30 ,3.00 ,-0.0200 ,,
11/9/2016,60.17 ,49588490.00 ,60.00 ,60.59 ,59.20 ,3.00 ,0.0124 ,,
11/16/2016,59.65 ,27329530.00 ,58.94 ,59.66 ,58.81 ,3.00 ,-0.0087 ,,
11/23/2016,60.40 ,21847500.00 ,61.01 ,61.10 ,60.25 ,3.00 ,0.0125 ,,
11/30/2016,60.26 ,34641520.00 ,60.86 ,61.18 ,60.22 ,3.00 ,-0.0023 ,,
12/7/2016,61.37 ,30807320.00 ,60.01 ,61.38 ,59.80 ,3.00 ,0.0183 ,,
12/14/2016,62.68 ,30335770.00 ,63.00 ,63.45 ,62.53 ,3.00 ,0.0211 ,,
12/21/2016,63.54 ,17084370.00 ,63.43 ,63.70 ,63.12 ,3.00 ,0.0136 ,,
12/28/2016,62.99 ,14348340.00 ,63.40 ,63.40 ,62.83 ,3.00 ,-0.0087 ,,
1/4/2017,62.30 ,21325140.00 ,62.48 ,62.75 ,62.12 ,3.00 ,-0.0110 ,,0.13 
1/11/2017,63.19 ,21503740.00 ,62.61 ,63.23 ,62.43 ,3.00 ,0.0142 ,,
1/18/2017,62.50 ,19666750.00 ,62.67 ,62.70 ,62.12 ,3.00 ,-0.0110 ,,
1/25/2017,63.68 ,24480930.00 ,63.95 ,64.10 ,63.45 ,3.00 ,0.0187 ,,
2/1/2017,63.58 ,39650890.00 ,64.36 ,64.62 ,63.47 ,3.00 ,-0.0016 ,,
2/8/2017,63.34 ,18089300.00 ,63.57 ,63.81 ,63.22 ,3.00 ,-0.0038 ,,
2/15/2017,64.53 ,16984020.00 ,64.50 ,64.57 ,64.16 ,3.00 ,0.0186 ,,
2/22/2017,64.36 ,19274640.00 ,64.33 ,64.39 ,64.05 ,3.00 ,-0.0026 ,,
3/1/2017,64.94 ,26911390.00 ,64.13 ,64.99 ,64.02 ,3.00 ,0.0090 ,,
3/8/2017,64.99 ,21510490.00 ,64.26 ,65.09 ,64.25 ,3.00 ,0.0008 ,,
3/15/2017,64.75 ,24819560.00 ,64.55 ,64.92 ,64.25 ,3.00 ,-0.0037 ,,
3/22/2017,65.03 ,20635780.00 ,64.12 ,65.14 ,64.12 ,3.00 ,0.0043 ,,
3/29/2017,65.47 ,13613870.00 ,65.12 ,65.50 ,64.95 ,3.00 ,0.0067 ,,
4/5/2017,65.56 ,21418530.00 ,66.30 ,66.35 ,65.44 ,3.00 ,0.0014 ,,
4/12/2017,65.23 ,17107430.00 ,65.42 ,65.51 ,65.11 ,3.00 ,-0.0050 ,,
4/19/2017,65.04 ,26983430.00 ,65.65 ,65.75 ,64.89 ,3.00 ,-0.0029 ,,
4/26/2017,67.83 ,26132990.00 ,68.08 ,68.31 ,67.62 ,3.00 ,0.0420 ,,
5/3/2017,69.08 ,28901660.00 ,69.38 ,69.38 ,68.71 ,3.00 ,0.0183 ,,
5/10/2017,69.31 ,17934310.00 ,68.99 ,69.56 ,68.92 ,3.00 ,0.0033 ,,
5/17/2017,67.48 ,30494870.00 ,68.89 ,69.10 ,67.43 ,3.00 ,-0.0268 ,,
5/24/2017,68.77 ,14665710.00 ,68.87 ,68.88 ,68.45 ,3.00 ,0.0189 ,,
5/31/2017,69.84 ,30445790.00 ,70.53 ,70.74 ,69.81 ,3.00 ,0.0154 ,,
6/7/2017,72.39 ,22282420.00 ,72.64 ,72.77 ,71.95 ,3.00 ,0.0359 ,,
6/14/2017,70.27 ,25483760.00 ,70.91 ,71.10 ,69.43 ,3.00 ,-0.0297 ,,
6/21/2017,70.27 ,19681370.00 ,70.21 ,70.62 ,69.94 ,3.00 ,0.0000 ,,
6/28/2017,69.80 ,25802760.00 ,69.21 ,69.84 ,68.79 ,3.00 ,-0.0067 ,,
7/5/2017,69.08 ,21164570.00 ,68.26 ,69.44 ,68.22 ,3.00 ,-0.0104 ,,
7/12/2017,71.15 ,17747470.00 ,70.69 ,71.28 ,70.55 ,3.00 ,0.0295 ,,
7/19/2017,73.86 ,22071360.00 ,73.50 ,74.04 ,73.45 ,3.00 ,0.0374 ,,
7/26/2017,74.05 ,16074960.00 ,74.34 ,74.38 ,73.81 ,3.00 ,0.0026 ,,
8/2/2017,72.26 ,26487360.00 ,72.55 ,72.56 ,71.45 ,3.00 ,-0.0245 ,,
8/9/2017,72.47 ,22208930.00 ,72.25 ,72.51 ,72.05 ,3.00 ,0.0029 ,,
8/16/2017,73.65 ,18146300.00 ,73.34 ,74.10 ,73.17 ,3.00 ,0.0162 ,,
8/23/2017,72.72 ,13758650.00 ,72.96 ,73.15 ,72.53 ,3.00 ,-0.0127 ,,
8/30/2017,74.01 ,16892790.00 ,73.01 ,74.21 ,72.83 ,3.00 ,0.0176 ,,
9/6/2017,73.40 ,16525320.00 ,73.74 ,74.04 ,73.35 ,3.00 ,-0.0083 ,,
9/13/2017,75.21 ,13353930.00 ,74.93 ,75.23 ,74.55 ,3.00 ,0.0244 ,,
9/20/2017,74.94 ,20789800.00 ,75.35 ,75.55 ,74.31 ,3.00 ,-0.0036 ,,
9/27/2017,73.85 ,19487260.00 ,73.55 ,74.17 ,73.17 ,3.00 ,-0.0147 ,,
10/4/2017,74.69 ,13295060.00 ,74.00 ,74.72 ,73.71 ,3.00 ,0.0113 ,,
10/11/2017,76.42 ,15378030.00 ,76.36 ,76.46 ,75.95 ,3.00 ,0.0229 ,,
10/18/2017,77.61 ,13288960.00 ,77.67 ,77.85 ,77.37 ,3.00 ,0.0155 ,,
10/25/2017,78.63 ,20377380.00 ,78.58 ,79.10 ,78.01 ,3.00 ,0.0131 ,,
11/1/2017,83.18 ,22278730.00 ,83.68 ,83.76 ,82.88 ,3.00 ,0.0563 ,,
11/8/2017,84.56 ,18027540.00 ,84.14 ,84.61 ,83.83 ,3.00 ,0.0165 ,,
11/15/2017,82.98 ,19337370.00 ,83.47 ,83.69 ,82.69 ,3.00 ,-0.0189 ,,
11/22/2017,83.11 ,20550600.00 ,83.83 ,83.90 ,83.04 ,3.00 ,0.0016 ,,
11/29/2017,83.34 ,27358660.00 ,84.71 ,84.92 ,83.18 ,3.00 ,0.0028 ,,
12/6/2017,82.78 ,24876890.00 ,81.55 ,83.14 ,81.43 ,3.00 ,-0.0067 ,,
12/13/2017,85.35 ,21708830.00 ,85.74 ,86.00 ,85.17 ,3.00 ,0.0306 ,,
12/20/2017,85.52 ,23584190.00 ,86.20 ,86.30 ,84.71 ,3.00 ,0.0020 ,,
12/27/2017,85.71 ,14662250.00 ,85.65 ,85.98 ,85.22 ,3.00 ,0.0022 ,,
1/3/2018,86.35 ,25979960.00 ,86.06 ,86.51 ,85.97 ,3.00 ,0.0074 ,,0.26 
1/10/2018,87.82 ,18639390.00 ,87.86 ,88.19 ,87.41 ,3.00 ,0.0169 ,,
1/17/2018,90.14 ,25617320.00 ,89.08 ,90.28 ,88.75 ,3.00 ,0.0261 ,,
1/24/2018,91.82 ,32735410.00 ,92.55 ,93.43 ,91.58 ,3.00 ,0.0185 ,,
1/31/2018,95.01 ,47448270.00 ,93.75 ,95.40 ,93.51 ,3.00 ,0.0342 ,,
2/7/2018,89.61 ,41082380.00 ,90.49 ,91.77 ,89.20 ,3.00 ,-0.0585 ,,
2/14/2018,90.81 ,34825510.00 ,88.51 ,90.99 ,88.41 ,3.00 ,0.0133 ,,
2/21/2018,91.49 ,26664100.00 ,92.98 ,93.36 ,91.49 ,3.00 ,0.0075 ,,
2/28/2018,93.77 ,30011960.00 ,94.84 ,95.71 ,93.63 ,3.00 ,0.0246 ,,
3/7/2018,93.86 ,26458530.00 ,93.16 ,93.94 ,92.43 ,3.00 ,0.0010 ,,
3/14/2018,93.85 ,31971520.00 ,95.12 ,95.41 ,93.50 ,3.00 ,-0.0001 ,,
3/21/2018,92.48 ,24173600.00 ,92.93 ,94.05 ,92.21 ,3.00 ,-0.0147 ,,
3/28/2018,89.39 ,52235580.00 ,89.82 ,91.23 ,88.87 ,3.00 ,-0.0340 ,,
4/4/2018,92.33 ,35479140.00 ,87.85 ,92.76 ,87.73 ,3.00 ,0.0324 ,,
4/11/2018,91.86 ,24849510.00 ,92.01 ,93.29 ,91.48 ,3.00 ,-0.0051 ,,
4/18/2018,96.44 ,21024010.00 ,96.22 ,96.72 ,95.52 ,3.00 ,0.0487 ,,
4/25/2018,92.31 ,33622300.00 ,93.30 ,93.30 ,90.28 ,3.00 ,-0.0438 ,,
5/2/2018,93.51 ,27459080.00 ,94.99 ,95.17 ,93.19 ,3.00 ,0.0129 ,,
5/9/2018,96.94 ,27279420.00 ,96.01 ,96.97 ,95.05 ,3.00 ,0.0360 ,,
5/16/2018,97.15 ,17371190.00 ,97.36 ,97.40 ,96.62 ,3.00 ,0.0022 ,,
5/23/2018,98.66 ,21119770.00 ,96.71 ,98.73 ,96.32 ,3.00 ,0.0154 ,,
5/30/2018,98.95 ,21899560.00 ,98.31 ,99.25 ,97.91 ,3.00 ,0.0029 ,,
6/6/2018,102.49 ,21112450.00 ,102.48 ,102.60 ,101.90 ,3.00 ,0.0352 ,,
6/13/2018,100.85 ,28698040.00 ,101.72 ,102.01 ,100.56 ,3.00 ,-0.0161 ,,
6/20/2018,101.87 ,26177810.00 ,101.37 ,102.52 ,101.12 ,3.00 ,0.0101 ,,
6/27/2018,97.54 ,31280700.00 ,99.58 ,100.02 ,97.40 ,3.00 ,-0.0434 ,,
7/11/2018,101.98 ,19278720.00 ,101.15 ,102.34 ,101.10 ,3.00 ,0.0445 ,,
7/18/2018,105.12 ,29055780.00 ,105.94 ,106.05 ,104.72 ,3.00 ,0.0303 ,,
7/25/2018,110.83 ,30586770.00 ,107.96 ,111.15 ,107.60 ,3.00 ,0.0529 ,,
8/1/2018,106.28 ,23617980.00 ,106.03 ,106.45 ,105.42 ,3.00 ,-0.0419 ,,
8/8/2018,109.49 ,15461420.00 ,109.33 ,109.75 ,108.76 ,3.00 ,0.0298 ,,
8/15/2018,107.66 ,29947600.00 ,108.49 ,108.99 ,106.82 ,3.00 ,-0.0169 ,,
8/22/2018,107.06 ,17878840.00 ,105.85 ,107.34 ,105.78 ,3.00 ,-0.0056 ,,
8/29/2018,112.02 ,20747500.00 ,110.45 ,112.03 ,110.27 ,3.00 ,0.0453 ,,
9/5/2018,108.49 ,32838650.00 ,111.01 ,111.42 ,108.10 ,3.00 ,-0.0320 ,,
9/12/2018,111.71 ,18855340.00 ,111.43 ,111.85 ,110.51 ,3.00 ,0.0292 ,,
9/19/2018,111.70 ,21663020.00 ,113.05 ,113.32 ,111.04 ,3.00 ,-0.0001 ,,
9/26/2018,113.98 ,19322530.00 ,114.47 ,115.06 ,113.74 ,3.00 ,0.0202 ,,
10/3/2018,115.17 ,16130010.00 ,115.42 ,116.18 ,114.93 ,3.00 ,0.0104 ,,
10/10/2018,106.16 ,60560740.00 ,111.24 ,111.50 ,105.79 ,3.00 ,-0.0815 ,,
10/17/2018,110.71 ,25873980.00 ,111.68 ,111.81 ,109.55 ,3.00 ,0.0420 ,,
10/24/2018,102.32 ,63236450.00 ,108.41 ,108.49 ,101.59 ,3.00 ,-0.0788 ,,
10/31/2018,106.81 ,51042220.00 ,105.44 ,108.14 ,105.39 ,3.00 ,0.0429 ,,
11/7/2018,111.96 ,37864220.00 ,109.44 ,112.24 ,109.40 ,3.00 ,0.0471 ,,
11/14/2018,104.97 ,39451290.00 ,108.10 ,108.26 ,104.47 ,3.00 ,-0.0645 ,,
11/21/2018,103.11 ,28121990.00 ,103.60 ,104.43 ,102.24 ,3.00 ,-0.0179 ,,
11/28/2018,111.12 ,46132310.00 ,107.89 ,111.33 ,107.86 ,3.00 ,0.0748 ,,
12/12/2018,109.08 ,36169700.00 ,110.89 ,111.27 ,109.04 ,3.00 ,-0.0185 ,,
12/19/2018,103.69 ,68110780.00 ,103.65 ,106.88 ,101.35 ,3.00 ,-0.0507 ,,
12/26/2018,100.56 ,51330280.00 ,95.14 ,100.69 ,93.96 ,3.00 ,-0.0307 ,,
1/2/2019,101.12 ,35145360.00 ,99.55 ,101.75 ,98.94 ,3.00 ,0.0056 ,,0.14 
1/9/2019,104.27 ,32261890.00 ,103.86 ,104.88 ,103.24 ,3.00 ,0.0307 ,,
1/16/2019,105.38 ,29655860.00 ,105.26 ,106.26 ,104.96 ,3.00 ,0.0106 ,,
1/23/2019,106.71 ,25512110.00 ,106.12 ,107.04 ,105.34 ,3.00 ,0.0125 ,,
1/30/2019,106.38 ,47203190.00 ,104.62 ,106.38 ,104.33 ,3.00 ,-0.0031 ,,
2/6/2019,106.03 ,20577980.00 ,107.00 ,107.00 ,105.53 ,3.00 ,-0.0033 ,,
2/13/2019,106.81 ,18337830.00 ,107.50 ,107.78 ,106.71 ,3.00 ,0.0073 ,,
2/20/2019,107.15 ,21603580.00 ,107.86 ,107.94 ,106.29 ,3.00 ,0.0032 ,,
2/27/2019,112.17 ,21471170.00 ,111.69 ,112.36 ,110.88 ,3.00 ,0.0458 ,,
3/6/2019,111.75 ,17651130.00 ,111.87 ,112.66 ,111.43 ,3.00 ,-0.0038 ,,
3/13/2019,114.50 ,35311160.00 ,114.13 ,115.00 ,113.78 ,3.00 ,0.0243 ,,
3/20/2019,117.52 ,26110540.00 ,117.39 ,118.75 ,116.71 ,3.00 ,0.0260 ,,
3/27/2019,116.77 ,22669440.00 ,117.88 ,118.21 ,115.52 ,3.00 ,-0.0064 ,,
4/3/2019,119.97 ,22354020.00 ,119.86 ,120.43 ,119.15 ,3.00 ,0.0270 ,,
4/10/2019,120.19 ,14540330.00 ,119.76 ,120.35 ,119.54 ,3.00 ,0.0018 ,,
4/17/2019,121.77 ,19012080.00 ,121.24 ,121.85 ,120.54 ,3.00 ,0.0131 ,,
4/24/2019,125.01 ,29919920.00 ,125.79 ,125.85 ,124.52 ,3.00 ,0.0263 ,,
5/1/2019,127.88 ,26821690.00 ,130.53 ,130.65 ,127.70 ,3.00 ,0.0227 ,,
5/8/2019,125.51 ,28419000.00 ,125.44 ,126.37 ,124.75 ,3.00 ,-0.0187 ,,
5/15/2019,126.02 ,24722710.00 ,124.26 ,126.71 ,123.70 ,3.00 ,0.0041 ,,
5/22/2019,127.67 ,15396490.00 ,126.62 ,128.24 ,126.52 ,3.00 ,0.0130 ,,
5/29/2019,124.94 ,22763140.00 ,125.38 ,125.39 ,124.04 ,3.00 ,-0.0216 ,,
6/5/2019,125.83 ,24926140.00 ,124.95 ,125.87 ,124.21 ,3.00 ,0.0071 ,,
6/12/2019,131.49 ,17092460.00 ,131.40 ,131.97 ,130.71 ,3.00 ,0.0440 ,,
6/19/2019,135.69 ,23744440.00 ,135.00 ,135.93 ,133.81 ,3.00 ,0.0314 ,,
6/26/2019,133.93 ,23657750.00 ,134.35 ,135.74 ,133.60 ,3.00 ,-0.0131 ,,
7/3/2019,137.46 ,13629300.00 ,136.80 ,137.74 ,136.30 ,3.00 ,0.0260 ,,
7/10/2019,137.85 ,24204360.00 ,137.13 ,138.58 ,137.02 ,3.00 ,0.0028 ,,
7/17/2019,136.27 ,20210960.00 ,137.70 ,137.93 ,136.22 ,3.00 ,-0.0115 ,,
7/24/2019,140.72 ,20738280.00 ,138.90 ,140.74 ,138.85 ,3.00 ,0.0321 ,,
7/31/2019,136.27 ,38598790.00 ,140.33 ,140.49 ,135.08 ,3.00 ,-0.0321 ,,
8/7/2019,135.28 ,33414540.00 ,133.79 ,135.65 ,131.83 ,3.00 ,-0.0073 ,,
8/14/2019,133.98 ,32527250.00 ,136.36 ,136.92 ,133.67 ,3.00 ,-0.0097 ,,
8/21/2019,138.79 ,14982310.00 ,138.55 ,139.49 ,138.00 ,3.00 ,0.0353 ,,
8/28/2019,135.56 ,17410830.00 ,134.88 ,135.76 ,133.55 ,3.00 ,-0.0235 ,,
9/4/2019,137.63 ,18015310.00 ,137.30 ,137.69 ,136.48 ,3.00 ,0.0152 ,,
9/11/2019,136.12 ,24726120.00 ,135.91 ,136.27 ,135.09 ,3.00 ,-0.0110 ,,
9/18/2019,138.52 ,24473390.00 ,137.36 ,138.67 ,136.53 ,3.00 ,0.0175 ,,
9/25/2019,139.36 ,22544050.00 ,137.50 ,139.96 ,136.03 ,3.00 ,0.0060 ,,
10/2/2019,134.65 ,32001760.00 ,136.25 ,136.37 ,133.58 ,3.00 ,-0.0344 ,,
10/9/2019,138.24 ,20178480.00 ,137.46 ,138.70 ,136.97 ,3.00 ,0.0263 ,,
10/16/2019,140.41 ,20841690.00 ,140.79 ,140.99 ,139.53 ,3.00 ,0.0156 ,,
10/23/2019,137.24 ,31380310.00 ,136.88 ,137.45 ,135.61 ,3.00 ,-0.0228 ,,
10/30/2019,144.61 ,18496590.00 ,143.52 ,145.00 ,142.79 ,3.00 ,0.0523 ,,
11/6/2019,144.06 ,16575800.00 ,144.37 ,144.52 ,143.20 ,3.00 ,-0.0038 ,,
11/13/2019,147.31 ,17444230.00 ,146.74 ,147.46 ,146.28 ,3.00 ,0.0223 ,,
11/20/2019,149.62 ,25720060.00 ,150.31 ,150.84 ,148.46 ,3.00 ,0.0156 ,,
11/27/2019,152.32 ,15201290.00 ,152.33 ,152.50 ,151.52 ,3.00 ,0.0179 ,,
12/4/2019,149.85 ,17580620.00 ,150.14 ,150.18 ,149.20 ,3.00 ,-0.0163 ,,
12/11/2019,151.70 ,18860000.00 ,151.54 ,151.87 ,150.33 ,3.00 ,0.0123 ,,
12/18/2019,154.37 ,24132380.00 ,154.30 ,155.48 ,154.18 ,3.00 ,0.0174 ,,
1/8/2020,160.09 ,27762030.00 ,158.93 ,160.80 ,157.95 ,3.00 ,0.0364 ,,0.30 
1/15/2020,163.18 ,21417870.00 ,162.62 ,163.94 ,162.57 ,3.00 ,0.0191 ,,
1/22/2020,165.70 ,24138780.00 ,167.40 ,167.49 ,165.68 ,3.00 ,0.0153 ,,
1/29/2020,168.04 ,35127770.00 ,167.84 ,168.75 ,165.69 ,3.00 ,0.0140 ,,
2/5/2020,179.90 ,39186320.00 ,184.03 ,184.20 ,178.41 ,3.00 ,0.0682 ,,
2/12/2020,184.71 ,47062920.00 ,185.58 ,185.85 ,181.85 ,3.00 ,0.0264 ,,
2/19/2020,187.28 ,29997470.00 ,188.06 ,188.18 ,186.47 ,3.00 ,0.0138 ,,
2/26/2020,170.17 ,56387150.00 ,169.71 ,173.26 ,168.21 ,3.00 ,-0.0958 ,,
3/4/2020,170.55 ,49814380.00 ,168.49 ,170.70 ,165.62 ,3.00 ,0.0022 ,,
3/11/2020,153.63 ,56504300.00 ,157.13 ,157.70 ,151.15 ,3.00 ,-0.1045 ,,
3/18/2020,140.40 ,81593170.00 ,138.00 ,146.00 ,135.02 ,3.00 ,-0.0901 ,,
3/25/2020,146.92 ,75638220.00 ,148.91 ,154.33 ,144.44 ,3.00 ,0.0454 ,,
4/1/2020,152.11 ,57969930.00 ,153.00 ,157.75 ,150.82 ,3.00 ,0.0347 ,,
4/8/2020,165.13 ,48318230.00 ,165.67 ,166.67 ,163.50 ,3.00 ,0.0821 ,,
4/15/2020,171.88 ,40940830.00 ,171.20 ,173.57 ,169.24 ,3.00 ,0.0401 ,,
4/22/2020,173.52 ,34651600.00 ,171.39 ,174.00 ,170.82 ,3.00 ,0.0095 ,,
4/29/2020,177.43 ,51286560.00 ,173.22 ,177.68 ,171.88 ,3.00 ,0.0223 ,,
5/6/2020,182.54 ,32139300.00 ,182.08 ,184.20 ,181.63 ,3.00 ,0.0284 ,,
5/13/2020,179.75 ,44711490.00 ,182.55 ,184.05 ,176.54 ,3.00 ,-0.0154 ,,
5/20/2020,185.66 ,31261330.00 ,184.81 ,185.85 ,183.94 ,3.00 ,0.0324 ,,
5/27/2020,181.81 ,39517150.00 ,180.20 ,181.99 ,176.60 ,3.00 ,-0.0210 ,,
6/3/2020,185.36 ,27311020.00 ,184.82 ,185.94 ,183.58 ,3.00 ,0.0193 ,,
6/10/2020,196.84 ,43872330.00 ,191.13 ,198.52 ,191.01 ,3.00 ,0.0601 ,,
6/17/2020,194.24 ,25687820.00 ,195.03 ,196.32 ,193.69 ,3.00 ,-0.0133 ,,
6/24/2020,197.84 ,36740650.00 ,201.60 ,203.25 ,196.56 ,3.00 ,0.0184 ,,
7/1/2020,204.70 ,32061210.00 ,203.14 ,206.35 ,201.77 ,3.00 ,0.0341 ,,
7/8/2020,212.83 ,33600030.00 ,210.07 ,213.26 ,208.69 ,3.00 ,0.0389 ,,
7/15/2020,208.04 ,32179410.00 ,209.56 ,211.33 ,205.03 ,3.00 ,-0.0228 ,,
7/22/2020,211.75 ,49605690.00 ,209.20 ,212.30 ,208.39 ,3.00 ,0.0177 ,,
7/29/2020,204.06 ,19632600.00 ,202.50 ,204.65 ,202.01 ,3.00 ,-0.0370 ,,
8/5/2020,212.94 ,28858620.00 ,214.90 ,215.00 ,211.57 ,3.00 ,0.0426 ,,
8/12/2020,209.19 ,28041360.00 ,205.29 ,210.28 ,204.75 ,3.00 ,-0.0178 ,,
8/19/2020,209.70 ,27627560.00 ,211.49 ,212.10 ,209.25 ,3.00 ,0.0024 ,,
8/26/2020,221.15 ,39600830.00 ,217.88 ,222.09 ,217.36 ,3.00 ,0.0532 ,,
9/2/2020,231.65 ,34080840.00 ,227.97 ,232.86 ,227.35 ,3.00 ,0.0464 ,,
9/9/2020,211.29 ,45678990.00 ,207.60 ,214.84 ,206.70 ,3.00 ,-0.0920 ,,
9/16/2020,205.05 ,26372460.00 ,210.62 ,210.65 ,204.64 ,3.00 ,-0.0300 ,,
9/23/2020,200.59 ,30803780.00 ,207.90 ,208.10 ,200.03 ,3.00 ,-0.0220 ,,
9/30/2020,210.33 ,33829090.00 ,207.73 ,211.98 ,206.54 ,3.00 ,0.0474 ,,
10/7/2020,209.83 ,25681050.00 ,207.06 ,210.11 ,206.72 ,3.00 ,-0.0024 ,,
10/14/2020,220.86 ,23451710.00 ,223.00 ,224.22 ,219.13 ,3.00 ,0.0512 ,,
10/21/2020,214.80 ,22724910.00 ,213.12 ,216.92 ,213.12 ,3.00 ,-0.0278 ,,
10/28/2020,202.68 ,51195590.00 ,207.67 ,208.84 ,202.10 ,3.00 ,-0.0581 ,,
11/4/2020,216.39 ,42311780.00 ,214.02 ,218.32 ,212.42 ,3.00 ,0.0655 ,,
11/11/2020,216.55 ,29440790.00 ,212.39 ,218.04 ,212.20 ,3.00 ,0.0007 ,,
11/18/2020,211.08 ,28372790.00 ,213.65 ,215.17 ,210.93 ,3.00 ,-0.0256 ,,
11/25/2020,213.87 ,21012890.00 ,215.11 ,215.29 ,212.46 ,3.00 ,0.0131 ,,
12/2/2020,215.37 ,23724510.00 ,214.88 ,215.47 ,212.80 ,3.00 ,0.0070 ,,
12/9/2020,211.80 ,32440600.00 ,215.16 ,215.23 ,211.21 ,3.00 ,-0.0167 ,,
12/16/2020,219.28 ,35023250.00 ,214.75 ,220.11 ,214.72 ,3.00 ,0.0347 ,,
12/23/2020,221.02 ,18699640.00 ,223.11 ,223.56 ,220.80 ,3.00 ,0.0079 ,,
12/30/2020,221.68 ,20272340.00 ,225.23 ,225.63 ,221.47 ,3.00 ,0.0030 ,,
